﻿<?xml version="1.0" encoding="utf-8"?>
<manifest identifier="_5ihR73Om7Du_course_id" version="1.0" xmlns="http://www.imsproject.org/xsd/imscp_rootv1p1p2" xmlns:adlcp="http://www.adlnet.org/xsd/adlcp_rootv1p2" xmlns:xsi="http://www.w3.org/2001/XMLSchema-instance" xsi:schemaLocation="http://www.imsproject.org/xsd/imscp_rootv1p1p2 imscp_rootv1p1p2.xsd http://www.imsglobal.org/xsd/imsmd_rootv1p2p1 imsmd_rootv1p2p1.xsd http://www.adlnet.org/xsd/adlcp_rootv1p2 adlcp_rootv1p2.xsd">
  <metadata>
    <schema>ADL SCORM</schema>
    <schemaversion>1.2</schemaversion>
    <lom xmlns="http://www.imsglobal.org/xsd/imsmd_rootv1p2p1" xmlns:xsi="http://www.w3.org/2001/XMLSchema-instance" xsi:schemaLocation="http://www.imsglobal.org/xsd/imsmd_rootv1p2p1 imsmd_rootv1p2p1.xsd">
      <general>
        <title>
          <langstring xml:lang="x-none">Are You an Expert at Cold Emails?</langstring>
        </title>
      </general>
      <lifecycle>
        <version>
          <langstring xml:lang="x-none">1</langstring>
        </version>
        <status>
          <source>
            <langstring xml:lang="x-none">LOMv1.0</langstring>
          </source>
          <value>
            <langstring xml:lang="x-none">Final</langstring>
          </value>
        </status>
      </lifecycle>
      <metametadata>
        <metadatascheme>ADL SCORM 1.2</metadatascheme>
      </metametadata>
      <educational>
        <typicallearningtime>
          <datetime>PT0H0M0S</datetime>
        </typicallearningtime>
      </educational>
      <rights>
        <cost>
          <source>
            <langstring xml:lang="x-none">LOMv1.0</langstring>
          </source>
          <value>
            <langstring xml:lang="x-none">yes</langstring>
          </value>
        </cost>
        <copyrightandotherrestrictions>
          <source>
            <langstring xml:lang="x-none">LOMv1.0</langstring>
          </source>
          <value>
            <langstring xml:lang="x-none">yes</langstring>
          </value>
        </copyrightandotherrestrictions>
      </rights>
    </lom>
  </metadata>
  <organizations default="Are_You_an_Expert_at_Cold_Emails?_ORG">
    <organization identifier="Are_You_an_Expert_at_Cold_Emails?_ORG">
      <title>Are You an Expert at Cold Emails?</title>
      <item identifier="SL360-Text-Convo_SCO" isvisible="true" identifierref="__5ihR73Om7Du_course_id_RES">
        <title>Are You an Expert at Cold Emails?</title>
      </item>
    </organization>
  </organizations>
  <resources>
    <resource identifier="__5ihR73Om7Du_course_id_RES" type="webcontent" href="index_lms.html" adlcp:scormtype="sco">
      <file href="story_content/thumbnail.jpg" />
      <file href="mobile/6EdGlOMvNvE_80_P_0_205_2048_1150.jpg" />
      <file href="mobile/5tHiNEMTzoS_80_P_0_106_2048_1152.jpg" />
      <file href="mobile/6bjweBH68JI_M_1764_1764_P_228_136_1412_984.png" />
      <file href="mobile/6F8YUu7xYay.png" />
      <file href="mobile/5Z1LyGGCbBn.png" />
      <file href="mobile/5jQpJxEEpaF_M_90_90_P_469_517_1049_753.png" />
      <file href="mobile/5tHiNEMTzoS_80_P_221_0_1826_1365.jpg" />
      <file href="mobile/6EVWqlhHoTY_M_1648_1648_P_146_214_1644_861.png" />
      <file href="story_content/5YNsQjUqC3O_44100_48_0.mp3" />
      <file href="mobile/6ZIE4Xs4RlA.png" />
      <file href="story_content/6JApEhoZfJq_44100_48_0.mp3" />
      <file href="story_content/5kYYwtRGpAW_44100_48_0.mp3" />
      <file href="mobile/5vuiDbg3DDn_M_1390_1390.png" />
      <file href="mobile/6ESeA4pByzv_M_1948_1948_P_244_152_1384_968.png" />
      <file href="mobile/5sZ7XkgMe6u.png" />
      <file href="mobile/61ZRnIX3XdR_P_3_0_1551_93.png" />
      <file href="mobile/5pO9Q0vXDDJ.png" />
      <file href="meta.xml" />
      <file href="story_content/user.js" />
      <file href="html5/data/css/output.min.css" />
      <file href="html5/data/js/5ruuXx50oCS.js" />
      <file href="html5/data/js/5t0IACscJFv.js" />
      <file href="html5/data/js/5WI4b0PpzXx.js" />
      <file href="html5/data/js/64pk76EsssP.js" />
      <file href="html5/data/js/65CKz7Rh397.js" />
      <file href="html5/data/js/65nixhyu4X5.js" />
      <file href="html5/data/js/686qQEIKcQj.js" />
      <file href="html5/data/js/6eGHJibciMN.js" />
      <file href="html5/data/js/6ehSQWYXWJp.js" />
      <file href="html5/data/js/6hz5pOefVdj.js" />
      <file href="html5/data/js/6IFHXnTOstI.js" />
      <file href="html5/data/js/6JDvU1ZWc6k.js" />
      <file href="html5/data/js/6jf9u01dBRV.js" />
      <file href="html5/data/js/6kbz7eAkqe6.js" />
      <file href="html5/data/js/6LrCEqnbtin.js" />
      <file href="html5/data/js/6nM9zxVVZ7r.js" />
      <file href="html5/data/js/6oAGZu8sgMD.js" />
      <file href="html5/data/js/6VTrDMtjnCK.js" />
      <file href="html5/data/js/data.js" />
      <file href="html5/data/js/frame.js" />
      <file href="html5/data/js/paths.js" />
      <file href="html5/lib/hls/hls.min.js" />
      <file href="html5/lib/scripts/bootstrapper.min.js" />
      <file href="html5/lib/scripts/frame.desktop.min.js" />
      <file href="html5/lib/scripts/frame.mobile.min.js" />
      <file href="html5/lib/scripts/slides.min.js" />
      <file href="html5/lib/stylesheets/desktop.min.css" />
      <file href="html5/lib/stylesheets/mobile.min.css" />
      <file href="html5/lib/stylesheets/mobile-fonts/open-sans-bold.woff" />
      <file href="html5/lib/stylesheets/mobile-fonts/open-sans-light.woff" />
      <file href="html5/lib/stylesheets/mobile-fonts/open-sans-regular.woff" />
      <file href="analytics-frame.html" />
      <file href="story.html" />
      <file href="index_lms.html" />
      <file href="lms/AICCComm.html" />
      <file href="lms/blank.html" />
      <file href="lms/browsersniff.js" />
      <file href="lms/goodbye.html" />
      <file href="lms/scormdriver.js" />
    </resource>
  </resources>
</manifest>