﻿<?xml version="1.0" encoding="utf-8"?>
<manifest identifier="_5elzmYXaGzW" version="1.0" xmlns="http://www.imsproject.org/xsd/imscp_rootv1p1p2" xmlns:adlcp="http://www.adlnet.org/xsd/adlcp_rootv1p2" xmlns:xsi="http://www.w3.org/2001/XMLSchema-instance" xsi:schemaLocation="http://www.imsproject.org/xsd/imscp_rootv1p1p2 imscp_rootv1p1p2.xsd http://www.imsglobal.org/xsd/imsmd_rootv1p2p1 imsmd_rootv1p2p1.xsd http://www.adlnet.org/xsd/adlcp_rootv1p2 adlcp_rootv1p2.xsd">
  <metadata>
    <schema>ADL SCORM</schema>
    <schemaversion>1.2</schemaversion>
    <lom xmlns="http://www.imsglobal.org/xsd/imsmd_rootv1p2p1" xmlns:xsi="http://www.w3.org/2001/XMLSchema-instance" xsi:schemaLocation="http://www.imsglobal.org/xsd/imsmd_rootv1p2p1 imsmd_rootv1p2p1.xsd">
      <general>
        <title>
          <langstring xml:lang="x-none">Are You an Expert: Cold Calling &amp; Objection Handling</langstring>
        </title>
      </general>
      <lifecycle>
        <version>
          <langstring xml:lang="x-none">1</langstring>
        </version>
        <status>
          <source>
            <langstring xml:lang="x-none">LOMv1.0</langstring>
          </source>
          <value>
            <langstring xml:lang="x-none">Final</langstring>
          </value>
        </status>
      </lifecycle>
      <metametadata>
        <metadatascheme>ADL SCORM 1.2</metadatascheme>
      </metametadata>
      <educational>
        <typicallearningtime>
          <datetime>PT0H0M0S</datetime>
        </typicallearningtime>
      </educational>
      <rights>
        <cost>
          <source>
            <langstring xml:lang="x-none">LOMv1.0</langstring>
          </source>
          <value>
            <langstring xml:lang="x-none">yes</langstring>
          </value>
        </cost>
        <copyrightandotherrestrictions>
          <source>
            <langstring xml:lang="x-none">LOMv1.0</langstring>
          </source>
          <value>
            <langstring xml:lang="x-none">yes</langstring>
          </value>
        </copyrightandotherrestrictions>
      </rights>
    </lom>
  </metadata>
  <organizations default="Are_You_an_Expert:_Cold_Calling_&amp;_Objection_Handling_ORG">
    <organization identifier="Are_You_an_Expert:_Cold_Calling_&amp;_Objection_Handling_ORG">
      <title>Are You an Expert: Cold Calling &amp; Objection Handling</title>
      <item identifier="Are_You_an_Expert:_Cold_Calling_&amp;_Objection_Handling_SCO" isvisible="true" identifierref="__5elzmYXaGzW_RES">
        <title>Are You an Expert: Cold Calling &amp; Objection Handling</title>
      </item>
    </organization>
  </organizations>
  <resources>
    <resource identifier="__5elzmYXaGzW_RES" type="webcontent" href="index_lms.html" adlcp:scormtype="sco">
      <file href="story_content/thumbnail.jpg" />
      <file href="story_content/video_6lIYary8Gn9_22_48_720x406.mp4" />
      <file href="story_content/6ntfPg7d35R_captions.js" />
      <file href="mobile/poster_6ntfPg7d35R_video_6lIYary8Gn9_22_48_720x406.jpg" />
      <file href="story_content/6ntfPg7d35R_transcripts.js" />
      <file href="story_content/video_6mlAruYjKFw_22_48_720x406.mp4" />
      <file href="mobile/poster_6QF4WWwhRmj_video_6mlAruYjKFw_22_48_720x406.jpg" />
      <file href="story_content/video_6fSAuhhmIZ0_22_48_720x406.mp4" />
      <file href="mobile/poster_6ntrFoYqqvz_video_6fSAuhhmIZ0_22_48_720x406.jpg" />
      <file href="meta.xml" />
      <file href="story_content/user.js" />
      <file href="mobile/Slide62PVdCak1at.jpg" />
      <file href="mobile/Slide5aX8fwHtbwh.jpg" />
      <file href="mobile/Slide5gLRk9jltMn.jpg" />
      <file href="mobile/Slide5Zrs4TmBo00.jpg" />
      <file href="mobile/Slide6EBI08uriDc.jpg" />
      <file href="mobile/Slide5dT75sdFZIs.jpg" />
      <file href="mobile/Slide5pbWfvyXeLa.jpg" />
      <file href="mobile/Slide5yBo078tf4F.jpg" />
      <file href="mobile/Slide5bCJzOmFNH4.jpg" />
      <file href="html5/data/css/output.min.css" />
      <file href="html5/data/js/5c9zBT6uXSv.js" />
      <file href="html5/data/js/5cXOSPW3FRn.js" />
      <file href="html5/data/js/5iSXmeLZX1u.js" />
      <file href="html5/data/js/5jYcLhqKlPw.js" />
      <file href="html5/data/js/5rfux9I9gDy.js" />
      <file href="html5/data/js/5VRfKWXQJrt.js" />
      <file href="html5/data/js/62srHmqLRDl.js" />
      <file href="html5/data/js/62TuuKgvWua.js" />
      <file href="html5/data/js/6As6CwvCg9Z.js" />
      <file href="html5/data/js/6hrnszoke8i.js" />
      <file href="html5/data/js/6Qat2MXma2n.js" />
      <file href="html5/data/js/6qIbpnhcsSx.js" />
      <file href="html5/data/js/data.js" />
      <file href="html5/data/js/frame.js" />
      <file href="html5/data/js/paths.js" />
      <file href="html5/lib/hls/hls.min.js" />
      <file href="html5/lib/scripts/bootstrapper.min.js" />
      <file href="html5/lib/scripts/frame.desktop.min.js" />
      <file href="html5/lib/scripts/frame.mobile.min.js" />
      <file href="html5/lib/scripts/slides.min.js" />
      <file href="html5/lib/stylesheets/desktop.min.css" />
      <file href="html5/lib/stylesheets/mobile.min.css" />
      <file href="html5/lib/stylesheets/mobile-fonts/open-sans-bold.woff" />
      <file href="html5/lib/stylesheets/mobile-fonts/open-sans-light.woff" />
      <file href="html5/lib/stylesheets/mobile-fonts/open-sans-regular.woff" />
      <file href="analytics-frame.html" />
      <file href="story.html" />
      <file href="index_lms.html" />
      <file href="lms/AICCComm.html" />
      <file href="lms/blank.html" />
      <file href="lms/browsersniff.js" />
      <file href="lms/goodbye.html" />
      <file href="lms/scormdriver.js" />
    </resource>
  </resources>
</manifest>