﻿<?xml version="1.0" encoding="utf-8"?>
<manifest identifier="_6Bt46brZZAo" version="1.0" xmlns="http://www.imsproject.org/xsd/imscp_rootv1p1p2" xmlns:adlcp="http://www.adlnet.org/xsd/adlcp_rootv1p2" xmlns:xsi="http://www.w3.org/2001/XMLSchema-instance" xsi:schemaLocation="http://www.imsproject.org/xsd/imscp_rootv1p1p2 imscp_rootv1p1p2.xsd http://www.imsglobal.org/xsd/imsmd_rootv1p2p1 imsmd_rootv1p2p1.xsd http://www.adlnet.org/xsd/adlcp_rootv1p2 adlcp_rootv1p2.xsd">
  <metadata>
    <schema>ADL SCORM</schema>
    <schemaversion>1.2</schemaversion>
    <lom xmlns="http://www.imsglobal.org/xsd/imsmd_rootv1p2p1" xmlns:xsi="http://www.w3.org/2001/XMLSchema-instance" xsi:schemaLocation="http://www.imsglobal.org/xsd/imsmd_rootv1p2p1 imsmd_rootv1p2p1.xsd">
      <general>
        <title>
          <langstring xml:lang="x-none">Prospecting Personas</langstring>
        </title>
      </general>
      <lifecycle>
        <version>
          <langstring xml:lang="x-none">1</langstring>
        </version>
        <status>
          <source>
            <langstring xml:lang="x-none">LOMv1.0</langstring>
          </source>
          <value>
            <langstring xml:lang="x-none">Final</langstring>
          </value>
        </status>
      </lifecycle>
      <metametadata>
        <metadatascheme>ADL SCORM 1.2</metadatascheme>
      </metametadata>
      <educational>
        <typicallearningtime>
          <datetime>PT0H0M0S</datetime>
        </typicallearningtime>
      </educational>
      <rights>
        <cost>
          <source>
            <langstring xml:lang="x-none">LOMv1.0</langstring>
          </source>
          <value>
            <langstring xml:lang="x-none">yes</langstring>
          </value>
        </cost>
        <copyrightandotherrestrictions>
          <source>
            <langstring xml:lang="x-none">LOMv1.0</langstring>
          </source>
          <value>
            <langstring xml:lang="x-none">yes</langstring>
          </value>
        </copyrightandotherrestrictions>
      </rights>
    </lom>
  </metadata>
  <organizations default="Prospecting_Personas_ORG">
    <organization identifier="Prospecting_Personas_ORG">
      <title>Prospecting Personas</title>
      <item identifier="Prospecting_Personas_SCO" isvisible="true" identifierref="__6Bt46brZZAo_RES">
        <title>Prospecting Personas</title>
      </item>
    </organization>
  </organizations>
  <resources>
    <resource identifier="__6Bt46brZZAo_RES" type="webcontent" href="index_lms.html" adlcp:scormtype="sco">
      <file href="story_content/thumbnail.jpg" />
      <file href="mobile/6duf1UdhsYy_M_374_374.png" />
      <file href="mobile/5tXak9jK8wV_M_278_278.png" />
      <file href="mobile/5tXak9jK8wV_M_278_278_RG.png" />
      <file href="mobile/6VkjbDXnSGh_M_294_294.png" />
      <file href="mobile/6VkjbDXnSGh_M_294_294_RG.png" />
      <file href="mobile/6ZC0KQIwjR9_M_280_280.png" />
      <file href="mobile/6ZC0KQIwjR9_M_280_280_RG.png" />
      <file href="mobile/5tXak9jK8wV_M_276_276.png" />
      <file href="meta.xml" />
      <file href="story_content/user.js" />
      <file href="mobile/Slide6H0ANnVD17t.jpg" />
      <file href="html5/data/css/output.min.css" />
      <file href="html5/data/js/5oogP4yi6QO.js" />
      <file href="html5/data/js/5ue4eqJ53rK.js" />
      <file href="html5/data/js/600t03xEmt9.js" />
      <file href="html5/data/js/680Y1u5pKIA.js" />
      <file href="html5/data/js/6A1dhvfyLpY.js" />
      <file href="html5/data/js/6IijR4QURK3.js" />
      <file href="html5/data/js/6iTuyCRJXlB.js" />
      <file href="html5/data/js/6LummWTaEx4.js" />
      <file href="html5/data/js/data.js" />
      <file href="html5/data/js/frame.js" />
      <file href="html5/data/js/paths.js" />
      <file href="html5/lib/hls/hls.min.js" />
      <file href="html5/lib/scripts/bootstrapper.min.js" />
      <file href="html5/lib/scripts/frame.desktop.min.js" />
      <file href="html5/lib/scripts/frame.mobile.min.js" />
      <file href="html5/lib/scripts/slides.min.js" />
      <file href="html5/lib/stylesheets/desktop.min.css" />
      <file href="html5/lib/stylesheets/mobile.min.css" />
      <file href="html5/lib/stylesheets/mobile-fonts/open-sans-bold.woff" />
      <file href="html5/lib/stylesheets/mobile-fonts/open-sans-light.woff" />
      <file href="html5/lib/stylesheets/mobile-fonts/open-sans-regular.woff" />
      <file href="analytics-frame.html" />
      <file href="story.html" />
      <file href="index_lms.html" />
      <file href="lms/AICCComm.html" />
      <file href="lms/blank.html" />
      <file href="lms/browsersniff.js" />
      <file href="lms/goodbye.html" />
      <file href="lms/scormdriver.js" />
    </resource>
  </resources>
</manifest>