﻿<?xml version="1.0" encoding="utf-8"?>
<manifest identifier="_6cMRL9jfeO0" version="1.0" xmlns="http://www.imsproject.org/xsd/imscp_rootv1p1p2" xmlns:adlcp="http://www.adlnet.org/xsd/adlcp_rootv1p2" xmlns:xsi="http://www.w3.org/2001/XMLSchema-instance" xsi:schemaLocation="http://www.imsproject.org/xsd/imscp_rootv1p1p2 imscp_rootv1p1p2.xsd http://www.imsglobal.org/xsd/imsmd_rootv1p2p1 imsmd_rootv1p2p1.xsd http://www.adlnet.org/xsd/adlcp_rootv1p2 adlcp_rootv1p2.xsd">
  <metadata>
    <schema>ADL SCORM</schema>
    <schemaversion>1.2</schemaversion>
    <lom xmlns="http://www.imsglobal.org/xsd/imsmd_rootv1p2p1" xmlns:xsi="http://www.w3.org/2001/XMLSchema-instance" xsi:schemaLocation="http://www.imsglobal.org/xsd/imsmd_rootv1p2p1 imsmd_rootv1p2p1.xsd">
      <general>
        <title>
          <langstring xml:lang="x-none">JobArchitect: Write Job Descriptions</langstring>
        </title>
      </general>
      <lifecycle>
        <version>
          <langstring xml:lang="x-none">1</langstring>
        </version>
        <status>
          <source>
            <langstring xml:lang="x-none">LOMv1.0</langstring>
          </source>
          <value>
            <langstring xml:lang="x-none">Final</langstring>
          </value>
        </status>
      </lifecycle>
      <metametadata>
        <metadatascheme>ADL SCORM 1.2</metadatascheme>
      </metametadata>
      <educational>
        <typicallearningtime>
          <datetime>PT0H0M0S</datetime>
        </typicallearningtime>
      </educational>
      <rights>
        <cost>
          <source>
            <langstring xml:lang="x-none">LOMv1.0</langstring>
          </source>
          <value>
            <langstring xml:lang="x-none">yes</langstring>
          </value>
        </cost>
        <copyrightandotherrestrictions>
          <source>
            <langstring xml:lang="x-none">LOMv1.0</langstring>
          </source>
          <value>
            <langstring xml:lang="x-none">yes</langstring>
          </value>
        </copyrightandotherrestrictions>
      </rights>
    </lom>
  </metadata>
  <organizations default="JobArchitect:_Write_Job_Descriptions_ORG">
    <organization identifier="JobArchitect:_Write_Job_Descriptions_ORG">
      <title>JobArchitect: Write Job Descriptions</title>
      <item identifier="Compensation_101_Proof_of_Concept_SCO" isvisible="true" identifierref="__6cMRL9jfeO0_RES">
        <title>JobArchitect: Write Job Descriptions</title>
      </item>
    </organization>
  </organizations>
  <resources>
    <resource identifier="__6cMRL9jfeO0_RES" type="webcontent" href="index_lms.html" adlcp:scormtype="sco">
      <file href="story_content/thumbnail.jpg" />
      <file href="mobile/6Ji4QEdKDy2.png" />
      <file href="mobile/5oTaMJHaQ2O_M_560_560.png" />
      <file href="mobile/5asm8KB3cBS.png" />
      <file href="mobile/6pXmyuRnxEU.png" />
      <file href="mobile/5VzWEbwp16z_M_1660_1660.png" />
      <file href="story_content/zoomIcon.png" />
      <file href="mobile/5VzWEbwp16z_M_1212_555.png" />
      <file href="mobile/6DQcGKyAIZK_M_1212_483.png" />
      <file href="mobile/6Y7LDx5BcGP_M_1212_516.png" />
      <file href="mobile/65pXFq8vF2q_M_1212_294.png" />
      <file href="mobile/6DdqlaJdz0G_M_1690_1690.png" />
      <file href="mobile/6QDc8qJT6hl_M_1564_1564.png" />
      <file href="mobile/5leerQwlqs2_M_1212_491.png" />
      <file href="mobile/5VzN7hI63xV_M_1212_522.png" />
      <file href="mobile/6lWMXLeLV8R_M_1212_493.png" />
      <file href="mobile/6lzS66dlzeb_M_1212_498.png" />
      <file href="mobile/6lzS66dlzeb_M_1606_1606.png" />
      <file href="mobile/5gfMs8ctnVh_M_885_575.png" />
      <file href="meta.xml" />
      <file href="story_content/user.js" />
      <file href="mobile/Shape5VotrHXR4md.png" />
      <file href="mobile/Shape6NwOHFky9xz.png" />
      <file href="mobile/Shape5rUR7GUDPZs.png" />
      <file href="mobile/Shape6T12eIfxwq5.png" />
      <file href="mobile/Shape5iRJNKiCcCy.png" />
      <file href="mobile/Shape677I9WV0HD5.png" />
      <file href="mobile/Shape5uS2RTdYdeq.png" />
      <file href="mobile/Shape6H3BEsBld4u.png" />
      <file href="mobile/Shape6AITf3eWJcg.png" />
      <file href="mobile/Shape6iV3lw9McDZ.png" />
      <file href="mobile/Shape6j6RYurZX1F.png" />
      <file href="mobile/Shape6Nju9U80m0y.png" />
      <file href="mobile/Shape5dIZ0LvMGSf.png" />
      <file href="mobile/Shape6cc1EhzsYxs.png" />
      <file href="mobile/Shape5jaffUht118.png" />
      <file href="mobile/Shape6GshcZ4MbBV.png" />
      <file href="mobile/Shape5x4h4VSudOP.png" />
      <file href="html5/data/css/output.min.css" />
      <file href="html5/data/js/5elw5RAS3IM.js" />
      <file href="html5/data/js/5iYNFAtMBtU.js" />
      <file href="html5/data/js/5mAw4g46tOx.js" />
      <file href="html5/data/js/5ZaRg9X5Y4E.js" />
      <file href="html5/data/js/60WvRhM2Ndw.js" />
      <file href="html5/data/js/63VY4lXLqqQ.js" />
      <file href="html5/data/js/64WLXzDc3cH.js" />
      <file href="html5/data/js/65YpzZTexwj.js" />
      <file href="html5/data/js/664Rz5aVGii.js" />
      <file href="html5/data/js/6CzJLwUGcX0.js" />
      <file href="html5/data/js/6GglIPDm5yX.js" />
      <file href="html5/data/js/6gUPCswyB90.js" />
      <file href="html5/data/js/6hh0gTfVDDs.js" />
      <file href="html5/data/js/6IJ8QeYCDFR.js" />
      <file href="html5/data/js/6IZACMqIUor.js" />
      <file href="html5/data/js/6M29LPn8ZCO.js" />
      <file href="html5/data/js/6nYfYTYau5W.js" />
      <file href="html5/data/js/6OlentLqUbv.js" />
      <file href="html5/data/js/6PDeFiCJJcc.js" />
      <file href="html5/data/js/6qOxoL8LPfY.js" />
      <file href="html5/data/js/6Sag4mrBwio.js" />
      <file href="html5/data/js/6Zb248YjoF6.js" />
      <file href="html5/data/js/data.js" />
      <file href="html5/data/js/frame.js" />
      <file href="html5/data/js/paths.js" />
      <file href="html5/lib/hls/hls.min.js" />
      <file href="html5/lib/scripts/bootstrapper.min.js" />
      <file href="html5/lib/scripts/frame.desktop.min.js" />
      <file href="html5/lib/scripts/frame.mobile.min.js" />
      <file href="html5/lib/scripts/slides.min.js" />
      <file href="html5/lib/stylesheets/desktop.min.css" />
      <file href="html5/lib/stylesheets/mobile.min.css" />
      <file href="html5/lib/stylesheets/mobile-fonts/open-sans-bold.woff" />
      <file href="html5/lib/stylesheets/mobile-fonts/open-sans-light.woff" />
      <file href="html5/lib/stylesheets/mobile-fonts/open-sans-regular.woff" />
      <file href="analytics-frame.html" />
      <file href="story.html" />
      <file href="index_lms.html" />
      <file href="lms/AICCComm.html" />
      <file href="lms/blank.html" />
      <file href="lms/browsersniff.js" />
      <file href="lms/goodbye.html" />
      <file href="lms/scormdriver.js" />
    </resource>
  </resources>
</manifest>